leftArmpitAngle,rightArmpitAngle,leftShoulderAngle,rightShoulderAngle,leftElbowAngle,rightElbowAngle,leftHipAngle,rightHipAngle,leftGroinAngle,rightGroinAngle,leftKneeAngle,rightKneeAngle,slope,verticalPose,ratioAvg,action
1.82,13.99,1.82,13.99,140.56,142.7,90.77,97.07,90.77,97.07,173.7,168.99,2.4870996672398222,1000,1.229086106634734,squat13.01,34.74,13.01,34.74,146.54,139.18,79.99,111.46,79.99,111.46,179.57,145.24,2.0881422401424463,1000,1.2867137475065527,squat
7.96,32.02,7.96,32.02,148.23,140.73,75.02,115.76,75.02,115.76,177.51,147.18,1.803226180663676,1000,1.2333229549478766,squat
2.32,26.17,2.32,26.17,168.81,177.37,91.03,99.96,91.03,99.96,172.24,147.99,2.4141086094576685,1000,1.12274640068013,squat
21.41,12.24,21.41,12.24,158.11,153.13,105.85,90.56,105.85,90.56,157.3,172.43,2.8182469833678976,1000,1.1215241925887613,squat
1.45,31.7,1.45,31.7,43.46,20.6,88,102.36,88,102.36,175.96,160.35,3.32982106208712,1000,1.2564559616858113,squat
14.26,31.04,14.26,31.04,136.57,154.02,79.07,112.66,79.07,112.66,178.1,144.29,21.799811989915852,1000,1.3133667825751307,squat
15.21,37.33,15.21,37.33,144.58,153.75,80.4,109.53,80.4,109.53,179.88,139.32,18.10355605206671,1000,1.3242817121393653,squat
3.35,16.85,3.35,16.85,175.7,179.91,93.42,97.15,93.42,97.15,175.2,170.51,2.219529734022084,1000,1.213932814715476,squat
17.45,35.61,17.45,35.61,144.87,141.92,83.72,107.12,83.72,107.12,176.16,144.87,0.7809284276719816,1000,1.354850430058589,squat
7.06,33.91,7.06,33.91,122.51,153.05,73.22,120.34,73.22,120.34,176.01,148.9,2.150572321818107,1000,1.210198308572254,squat
8.73,20.9,8.73,20.9,154.4,136.97,88.28,101.12,88.28,101.12,173.95,146.67,2.3869114915610083,1000,1.1038880528047657,squat
0.49,24.81,0.49,24.81,53.75,23.91,87.59,101.53,87.59,101.53,179.14,163.3,3.732136325140464,1000,1.1401326630827135,squat
13.59,30.86,13.59,30.86,83.35,12.78,91.44,96.2,91.44,96.2,174.58,145.72,2.078401945496817,1000,1.165776896735634,squat
14.56,36.6,14.56,36.6,141.3,149.54,78.81,112.19,78.81,112.19,177.68,139.07,24.24311014535975,1000,1.371241192281783,squat
13.64,30.22,13.64,30.22,142.25,158.93,80.95,111.67,80.95,111.67,178.13,138.84,15.343915077220805,1000,1.263633647000157,squat
15.47,19.31,15.47,19.31,154.38,171.25,90.99,99.22,90.99,99.22,174.68,173.78,2.172749400320811,1000,1.2186959412339653,squat
18.43,37.28,18.43,37.28,144.89,146.23,88.33,104.67,88.33,104.67,178.04,140.72,0.7896211992525906,1000,1.4063818181172727,squat
9.1,35.32,9.1,35.32,49.95,6.19,75.06,121.58,75.06,121.58,179.89,146.79,2.1792438531597584,1000,1.2298720970039632,squat
1.75,23.55,1.75,23.55,84.7,11.18,94.23,97.51,94.23,97.51,174.3,165.1,2.3358233288334143,1000,1.2046900703835133,squat
12.84,7.97,12.84,7.97,73.51,87.28,83.66,104.71,83.66,104.71,171.54,170.76,3.159241711666881,1000,1.0803427500637697,squat
14.57,26.05,14.57,26.05,151.21,41.6,87.72,99.18,87.72,99.18,176.15,169.69,2.189997716794087,1000,1.2025464329224018,squat
12.05,40.44,12.05,40.44,148.79,153.42,81.57,109.77,81.57,109.77,179.82,147.58,15.636196021580622,1000,1.682168757528448,squat
15.14,30.62,15.14,30.62,135.16,155.65,83.25,111.24,83.25,111.24,174.23,140.81,1.8825971017014433,1000,1.2611632546160947,squat
16.22,41.04,16.22,41.04,152.8,129.52,94.22,100.81,94.22,100.81,175.43,173.65,2.295029276415923,1000,1.2659716468287323,squat
17.7,36.91,17.7,36.91,146.75,145.24,88.18,104.59,88.18,104.59,177.32,139.24,1.353184001709002,1000,1.4125976414574546,squat
7.96,39.06,7.96,39.06,53.33,8.13,77.4,117.46,77.4,117.46,177.83,146.44,1.5698919025236586,1000,1.2362047419772315,squat
0.08,27.2,0.08,27.2,35.02,5.67,90.19,104.2,90.19,104.2,172.65,171.56,2.8872283772129044,1000,1.1504440930631863,squat
3.16,12.77,3.16,12.77,49.25,56.09,85.95,104.36,85.95,104.36,176.38,166.81,2.5222359331955766,1000,1.076775809743232,squat
10.71,25.88,10.71,25.88,148.77,11.61,89.66,100.93,89.66,100.93,173.75,147.05,2.4325446332256395,1000,1.1054036060110108,squat
8.59,35.25,8.59,35.25,153.72,161.87,87.92,102.43,87.92,102.43,178.69,130.36,12.904796315566255,1000,1.4187774643243252,squat
11.99,28.88,11.99,28.88,104.07,45.32,81.11,113.81,81.11,113.81,175.38,143.73,2.1057110827184444,1000,1.1475414128734873,squat
8.59,38.89,8.59,38.89,136.39,6.38,73.12,122.37,73.12,122.37,176.49,143.82,2.345909205538456,1000,1.2951997129784547,squat
17.47,38.35,17.47,38.35,147.47,143.66,88.31,105.56,88.31,105.56,179.9,140.26,1.3785246783832705,1000,1.377880057080146,squat
7.93,20.63,7.93,20.63,142.56,126.53,84.72,101.02,84.72,101.02,171.52,147.57,2.4659981546770755,1000,1.0996292302241515,squat
0.9,36.01,0.9,36.01,35.4,16.46,85.81,106.64,85.81,106.64,173.25,167.09,20.596591926560464,1000,1.0585166712292549,squat
4.09,14.08,4.09,14.08,32.6,43.72,91.51,98.48,91.51,98.48,175.96,165.81,3.002766128035584,1000,1.1521487924896796,squat
11.94,39.94,11.94,39.94,90.29,5.61,73.92,121,73.92,121,176.02,143.67,2.4450231505214504,1000,1.1965759935968847,squat
7.33,35.84,7.33,35.84,158.69,160.97,86.88,103.41,86.88,103.41,177.99,132.68,12.418610384452139,1000,1.3966742384638766,squat
15.29,30.06,15.29,30.06,136.5,84.18,89.76,106.66,89.76,106.66,176.83,143.51,2.2984967788117387,1000,1.2140021949582454,squat
9.43,35.35,9.43,35.35,135.76,10.63,77.95,117.13,77.95,117.13,175.21,145.22,2.1424052903004114,1000,1.2118868609152935,squat
12.35,33.74,12.35,33.74,151.86,144.86,77.22,112.56,77.22,112.56,175.2,147.64,1.7921331747797438,1000,1.3041432809518019,squat
11.69,19.64,11.69,19.64,154.86,175.39,86.45,103.6,86.45,103.6,172.41,168.51,2.554923304626815,1000,1.1570651396663767,squat
32.69,22.41,32.69,22.41,62.34,123.53,97.41,77.78,97.41,77.78,152.89,151.98,3.544265073580532,1000,1.0041927028842177,squat
5.17,37.99,5.17,37.99,49.99,25.96,80.32,107.56,80.32,107.56,176.59,171.15,3.4519932559613378,1000,1.0849582925490648,squat
11.57,37.61,11.57,37.61,103.3,13.91,74.92,119.25,74.92,119.25,179.86,144.68,20.375955257095566,1000,1.2493460857295364,squat
13.22,36.96,13.22,36.96,151.81,158.1,81.14,109.22,81.14,109.22,177.47,135.25,12.778973976197175,1000,1.3478621061651497,squat
12.86,22.86,12.86,22.86,153.11,9.99,89.6,102.48,89.6,102.48,174.37,145.49,2.4554450073585747,1000,1.0612165515102425,squat
22.78,15.39,22.78,15.39,162.84,0.21,82.41,107.27,82.41,107.27,175.03,177.29,3.6680787338513356,1000,1.2660138407911234,stand
17.36,13.57,17.36,13.57,172.61,18.01,76.37,115.8,76.37,115.8,179.6,175.09,3.7739114799950317,1000,1.3382948873059504,stand
18.82,3.71,18.82,3.71,170.83,23.83,99.86,92.45,99.86,92.45,168.91,171.66,3.6720397611893585,1000,1.1532776308567612,stand
21.54,4.37,21.54,4.37,165.33,161.16,94.47,98.44,94.47,98.44,168.66,171.3,3.613445059539962,1000,1.1622310122847985,stand
20.71,3.98,20.71,3.98,161.21,177.07,94.3,97.7,94.3,97.7,173.59,164.94,3.4169992647907015,1000,1.0932639099576713,stand
13.32,20.43,13.32,20.43,174.82,166.17,75.81,118.6,75.81,118.6,175.61,168.73,3.706815735987186,1000,1.2025845213193158,stand
10.83,13.87,10.83,13.87,161.74,150.08,73.07,118.12,73.07,118.12,172.74,169.33,4.5543969226232734,1000,1.255225678010667,stand
3.34,26.45,3.34,26.45,163.27,152.03,97.63,92.26,97.63,92.26,170.97,171.4,6.61524407938731,1000,1.14410338564301,stand
9.52,38.31,9.52,38.31,99.13,130.43,79.09,118.17,79.09,118.17,173.58,165.18,3.587010232392217,1000,1.151877535489195,stand
6.67,38.05,6.67,38.05,27.47,44.06,71.93,119.16,71.93,119.16,176.7,161.26,19.863451360177617,1000,1.0613903299023568,stand
17.96,13.79,17.96,13.79,169.85,5.27,79.08,112.99,79.08,112.99,175.4,176.31,3.711486649980536,1000,1.2597097214712074,stand
17.47,7.3,17.47,7.3,172.48,22.02,73.05,119.82,73.05,119.82,179.82,174.47,3.7509919279342028,1000,1.3657948877490163,stand
19.46,3.81,19.46,3.81,169.47,18.8,95.68,97.07,95.68,97.07,169.47,171.72,3.6607362607095255,1000,1.1680582298261104,stand
20.21,3.43,20.21,3.43,167.32,13.48,93.59,99.46,93.59,99.46,169.14,168.94,3.543016386598476,1000,1.1702808159100946,stand
17.71,5.03,17.71,5.03,162.77,179.17,94.57,95.08,94.57,95.08,172.42,165.23,3.514915348593123,1000,1.1025065651154828,stand
11.26,11.18,11.26,11.18,176.88,167.72,76.4,118.11,76.4,118.11,175.48,169.3,5.347160271894831,1000,1.197216333940657,stand
9.34,16.24,9.34,16.24,157.12,142.67,94.11,99.3,94.11,99.3,173.73,170.4,4.546362108561812,1000,1.1497591681845036,stand
1.31,31.31,1.31,31.31,159.12,142.66,98.41,93.8,98.41,93.8,169.41,172.2,3.612854464494963,1000,1.1360590396073373,stand
1.04,39.28,1.04,39.28,26.85,140.61,82.91,112.28,82.91,112.28,173.2,165.14,3.432984218009922,1000,1.0153309271773856,stand
4.34,31.44,4.34,31.44,51.71,74.89,79.8,104.73,79.8,104.73,139.29,164.9,4.056623380700658,1000,1.140518679904844,stand
20.02,14.7,20.02,14.7,169.32,6.17,77.67,114.89,77.67,114.89,179.47,177.24,3.7441847352734516,1000,1.3593436757383939,stand
21.18,9.48,21.18,9.48,166.77,22.98,77.61,115.26,77.61,115.26,178.57,173.63,3.69609737454283,1000,1.32425360228167,stand
20.46,2.47,20.46,2.47,168.13,162.95,95.36,98.34,95.36,98.34,168.74,171.01,3.60808903945279,1000,1.1607913500572977,stand
19.18,5.01,19.18,5.01,166.26,167.88,97.84,96.38,97.84,96.38,172.37,165.69,3.431439432321869,1000,1.146051426102499,stand
17.76,7.17,17.76,7.17,164.99,177.59,75.4,114.88,75.4,114.88,171.93,167.29,3.5249781897985173,1000,1.2455469194528177,stand
13.03,19.63,13.03,19.63,172.09,155.05,73.31,117.26,73.31,117.26,173.67,169.31,4.664791642284036,1000,1.2188203026665132,stand
11.23,25.34,11.23,25.34,163.85,138.1,92.46,99.45,92.46,99.45,173.25,172.61,6.5636615183258495,1000,1.1135416172570043,stand
9.03,36.84,9.03,36.84,140.15,133.12,87.28,107.14,87.28,107.14,171.21,170.36,3.829259412143045,1000,1.141176845445375,stand
1.18,32.09,1.18,32.09,45.21,159.96,68.03,127.99,68.03,127.99,175.18,165.35,3.225878090018822,1000,1.0891262506362847,stand
19.77,14.12,19.77,14.12,168.48,8.31,78.4,114.12,78.4,114.12,179.3,176.63,3.6844641756321845,1000,1.3585657492238916,stand
17.64,5.7,17.64,5.7,172.91,25.02,103.61,89,103.61,89,170.62,173.02,3.7530142943172784,1000,1.1469111215036056,stand
20.46,4.54,20.46,4.54,168.92,162.47,95.93,97.63,95.93,97.63,168.62,170.24,3.5712860394079176,1000,1.1537567592847884,stand
19.65,5.75,19.65,5.75,162.11,179.43,93.05,99.03,93.05,99.03,173.92,164.72,2.1922773809324,1000,1.1683138788068566,stand
18.67,8.6,18.67,8.6,167.85,176.7,72.3,118.7,72.3,118.7,173.99,167.28,3.6198854954589437,1000,1.2600498358499772,stand
10.84,23.43,10.84,23.43,175.46,138.57,76.84,117.21,76.84,117.21,171.59,169.13,3.655679044707276,1000,1.2426966766692158,stand
7.43,21.38,7.43,21.38,162.14,139.74,95.96,94.04,95.96,94.04,172.18,172.78,6.775219784734201,1000,1.1320756157202663,stand
9.53,40.54,9.53,40.54,132.52,126.33,82.89,112.11,82.89,112.11,172.95,168.71,3.505379620775061,1000,1.1303471000668228,stand
2.84,35.94,2.84,35.94,22.71,52.18,68.21,121.52,68.21,121.52,177.9,162.95,2.943356324292595,1000,1.1049108570447774,stand
22.78,15.39,22.78,15.39,162.84,0.21,82.41,107.27,82.41,107.27,175.03,177.29,3.6680787338513356,1000,1.2660138407911234,stand
17.36,13.57,17.36,13.57,172.61,18.01,76.37,115.8,76.37,115.8,179.6,175.09,3.7739114799950317,1000,1.3382948873059504,stand
18.82,3.71,18.82,3.71,170.83,23.83,99.86,92.45,99.86,92.45,168.91,171.66,3.6720397611893585,1000,1.1532776308567612,stand
21.54,4.37,21.54,4.37,165.33,161.16,94.47,98.44,94.47,98.44,168.66,171.3,3.613445059539962,1000,1.1622310122847985,stand
20.71,3.98,20.71,3.98,161.21,177.07,94.3,97.7,94.3,97.7,173.59,164.94,3.4169992647907015,1000,1.0932639099576713,stand
13.32,20.43,13.32,20.43,174.82,166.17,75.81,118.6,75.81,118.6,175.61,168.73,3.706815735987186,1000,1.2025845213193158,stand
10.83,13.87,10.83,13.87,161.74,150.08,73.07,118.12,73.07,118.12,172.74,169.33,4.5543969226232734,1000,1.255225678010667,stand
3.34,26.45,3.34,26.45,163.27,152.03,97.63,92.26,97.63,92.26,170.97,171.4,6.61524407938731,1000,1.14410338564301,stand
9.52,38.31,9.52,38.31,99.13,130.43,79.09,118.17,79.09,118.17,173.58,165.18,3.587010232392217,1000,1.151877535489195,stand
6.67,38.05,6.67,38.05,27.47,44.06,71.93,119.16,71.93,119.16,176.7,161.26,19.863451360177617,1000,1.0613903299023568,stand
17.96,13.79,17.96,13.79,169.85,5.27,79.08,112.99,79.08,112.99,175.4,176.31,3.711486649980536,1000,1.2597097214712074,stand
17.47,7.3,17.47,7.3,172.48,22.02,73.05,119.82,73.05,119.82,179.82,174.47,3.7509919279342028,1000,1.3657948877490163,stand
19.46,3.81,19.46,3.81,169.47,18.8,95.68,97.07,95.68,97.07,169.47,171.72,3.6607362607095255,1000,1.1680582298261104,stand
20.21,3.43,20.21,3.43,167.32,13.48,93.59,99.46,93.59,99.46,169.14,168.94,3.543016386598476,1000,1.1702808159100946,stand
17.71,5.03,17.71,5.03,162.77,179.17,94.57,95.08,94.57,95.08,172.42,165.23,3.514915348593123,1000,1.1025065651154828,stand
11.26,11.18,11.26,11.18,176.88,167.72,76.4,118.11,76.4,118.11,175.48,169.3,5.347160271894831,1000,1.197216333940657,stand
9.34,16.24,9.34,16.24,157.12,142.67,94.11,99.3,94.11,99.3,173.73,170.4,4.546362108561812,1000,1.1497591681845036,stand
1.31,31.31,1.31,31.31,159.12,142.66,98.41,93.8,98.41,93.8,169.41,172.2,3.612854464494963,1000,1.1360590396073373,stand
1.04,39.28,1.04,39.28,26.85,140.61,82.91,112.28,82.91,112.28,173.2,165.14,3.432984218009922,1000,1.0153309271773856,stand
4.34,31.44,4.34,31.44,51.71,74.89,79.8,104.73,79.8,104.73,139.29,164.9,4.056623380700658,1000,1.140518679904844,stand
20.02,14.7,20.02,14.7,169.32,6.17,77.67,114.89,77.67,114.89,179.47,177.24,3.7441847352734516,1000,1.3593436757383939,stand
21.18,9.48,21.18,9.48,166.77,22.98,77.61,115.26,77.61,115.26,178.57,173.63,3.69609737454283,1000,1.32425360228167,stand
20.46,2.47,20.46,2.47,168.13,162.95,95.36,98.34,95.36,98.34,168.74,171.01,3.60808903945279,1000,1.1607913500572977,stand
19.18,5.01,19.18,5.01,166.26,167.88,97.84,96.38,97.84,96.38,172.37,165.69,3.431439432321869,1000,1.146051426102499,stand
17.76,7.17,17.76,7.17,164.99,177.59,75.4,114.88,75.4,114.88,171.93,167.29,3.5249781897985173,1000,1.2455469194528177,stand
13.03,19.63,13.03,19.63,172.09,155.05,73.31,117.26,73.31,117.26,173.67,169.31,4.664791642284036,1000,1.2188203026665132,stand
11.23,25.34,11.23,25.34,163.85,138.1,92.46,99.45,92.46,99.45,173.25,172.61,6.5636615183258495,1000,1.1135416172570043,stand
9.03,36.84,9.03,36.84,140.15,133.12,87.28,107.14,87.28,107.14,171.21,170.36,3.829259412143045,1000,1.141176845445375,stand
1.18,32.09,1.18,32.09,45.21,159.96,68.03,127.99,68.03,127.99,175.18,165.35,3.225878090018822,1000,1.0891262506362847,stand
19.77,14.12,19.77,14.12,168.48,8.31,78.4,114.12,78.4,114.12,179.3,176.63,3.6844641756321845,1000,1.3585657492238916,stand
17.64,5.7,17.64,5.7,172.91,25.02,103.61,89,103.61,89,170.62,173.02,3.7530142943172784,1000,1.1469111215036056,stand
20.46,4.54,20.46,4.54,168.92,162.47,95.93,97.63,95.93,97.63,168.62,170.24,3.5712860394079176,1000,1.1537567592847884,stand
19.65,5.75,19.65,5.75,162.11,179.43,93.05,99.03,93.05,99.03,173.92,164.72,2.1922773809324,1000,1.1683138788068566,stand
18.67,8.6,18.67,8.6,167.85,176.7,72.3,118.7,72.3,118.7,173.99,167.28,3.6198854954589437,1000,1.2600498358499772,stand
10.84,23.43,10.84,23.43,175.46,138.57,76.84,117.21,76.84,117.21,171.59,169.13,3.655679044707276,1000,1.2426966766692158,stand
7.43,21.38,7.43,21.38,162.14,139.74,95.96,94.04,95.96,94.04,172.18,172.78,6.775219784734201,1000,1.1320756157202663,stand
9.53,40.54,9.53,40.54,132.52,126.33,82.89,112.11,82.89,112.11,172.95,168.71,3.505379620775061,1000,1.1303471000668228,stand
2.84,35.94,2.84,35.94,22.71,52.18,68.21,121.52,68.21,121.52,177.9,162.95,2.943356324292595,1000,1.1049108570447774,stand
55.13,31.83,55.13,31.83,143.44,137.07,13.3,179.39,13.3,179.39,154.3,148.7,0.35246358401442324,-1000,1.7283573761584072,pushdown
65.66,28.36,65.66,28.36,158.15,135.17,54.94,101.43,54.94,101.43,160.5,150.53,0.3541399321997297,-1000,1.6475343389198374,pushdown
51.34,29.91,51.34,29.91,131.72,127.85,147.4,4.11,147.4,4.11,165.31,146.67,0.010021912027107564,-1000,1.2551881959336493,pushdown
60.09,13.9,60.09,13.9,146.74,94.73,123.83,35.57,123.83,35.57,161.19,144.06,0.033273069327132206,-1000,1.5681887319201242,pushdown
70.92,17.94,70.92,17.94,144.34,116.38,147.93,19.41,147.93,19.41,158.53,112.94,0.16930885740028734,-1000,1.6713191372958636,pushdown
80.39,17.96,80.39,17.96,105.51,109.96,75.82,95.32,75.82,95.32,144.6,124.33,0.26572344745575327,-1000,2.277915567787135,pushdown
63.76,26.61,63.76,26.61,137.77,99.25,115.76,52.95,115.76,52.95,157.54,118.34,0.22160523370980584,-1000,1.6172568655636792,pushdown
57.81,25.85,57.81,25.85,137.94,90.61,87.32,75.22,87.32,75.22,156.42,125.64,0.14158238982463253,-1000,1.4218494832417847,pushdown
6.87,36.53,6.87,36.53,86.55,123.23,88.3,57.68,88.3,57.68,168.07,116.36,0.23148668284632318,-1000,1.4822930641680208,pushdown
3.17,30.23,3.17,30.23,83.76,127.34,72.14,76.14,72.14,76.14,172.42,133.89,0.1993696041697116,-1000,1.8054133327826225,pushdown
59.22,36.77,59.22,36.77,132.95,119.63,160.06,25.7,160.06,25.7,161.38,117.5,0.14717427308920875,-1000,0.9329535777245828,pushdown
49.64,28.18,49.64,28.18,99.56,130.37,56.92,117.77,56.92,117.77,138.26,125.54,0.1451228183418138,-1000,1.9939950239291755,pushdown
53.82,12.3,53.82,12.3,139.25,115.65,97.07,56.92,97.07,56.92,167.53,138.52,0.10495441863885653,-1000,1.1601477413994103,pushdown
47.77,11.62,47.77,11.62,132.19,114.27,113.39,49.22,113.39,49.22,159.99,141.11,0.3749679877851601,-1000,1.4014040187329782,pushdown
15.06,20.04,15.06,20.04,132.9,129.09,104.52,69.01,104.52,69.01,147.73,162.19,0.48415628047871756,-1000,1.321442254406504,pushdown
49.62,32.38,49.62,32.38,156.99,148.62,117.98,78.15,117.98,78.15,156.58,135.26,0.2659759120820121,-1000,1.4430694216923563,pushdown
27.82,28.14,27.82,28.14,118.38,134.96,98.81,89.38,98.81,89.38,156.72,148.96,0.20446709339901356,-1000,1.6901089639441103,pushdown
46.82,32.87,46.82,32.87,144.55,137.23,84,104.27,84,104.27,156.14,136.46,0.3685405608909853,-1000,1.5931468735964043,pushdown
64.94,17.94,64.94,17.94,152.18,118.63,71.84,77.27,71.84,77.27,150.54,137.52,0.5104506210206032,-1000,1.7236809595659897,pushdown
47.53,20.43,47.53,20.43,134,127.03,123.84,20.93,123.84,20.93,155.97,139.88,0.2319491907215929,-1000,1.6458259912253288,pushdown
86.66,15.87,86.66,15.87,176.87,101.05,41.34,109.9,41.34,109.9,129.36,133.38,0.2630446010288542,-1000,1.9608979050826538,pushdown
71.56,21.93,71.56,21.93,165.14,110.89,57.96,109.06,57.96,109.06,135.6,123,0.2957095131989735,-1000,1.847420421893033,pushdown
43.12,26.58,43.12,26.58,87.9,108.55,33.06,124.17,33.06,124.17,125.78,118.47,0.15447171333942045,-1000,1.7847613438435608,pushdown
20.34,35.51,20.34,35.51,64.8,121.71,167.87,0.3,167.87,0.3,144.99,132.33,0.08761616808927006,-1000,1.2897492436578277,pushdown
23.7,29.12,23.7,29.12,78.96,101.63,72,89.33,72,89.33,136.71,131.51,0.06901177332952975,-1000,1.4928191680480922,pushdown
36.56,37.31,36.56,37.31,61.11,109.58,63.32,96.56,63.32,96.56,131.34,125.51,0.08631455624753363,-1000,1.2328065821360612,pushdown
28.96,27.63,28.96,27.63,113.82,90.31,22.98,160.05,22.98,160.05,144.14,125.48,0.16228666990352658,-1000,2.1525226329128877,pushdown
47.77,14.75,47.77,14.75,125.73,51.12,88.41,69.26,88.41,69.26,147.82,92.98,0.07835446670882303,-1000,1.4338902719783224,pushdown
85.91,3.75,85.91,3.75,95.45,82.37,170.96,9.54,170.96,9.54,130.09,112.33,0.23390896545087306,-1000,1.5225161872646986,pushdown
51.1,8.43,51.1,8.43,136.61,87.84,173.68,9.54,173.68,9.54,112.45,123.62,0.2467326808573755,-1000,1.4213601378591632,pushdown
59.37,24.94,59.37,24.94,143.48,116.93,45.3,146.95,45.3,146.95,146.18,134.04,0.14096694562895523,-1000,2.0187358165732268,pushdown
43.27,7.44,43.27,7.44,145.63,86.6,92.63,74.95,92.63,74.95,139,123.83,0.35350409814116834,-1000,2.230352808969414,pushdown
69.38,19.66,69.38,19.66,165.02,102.45,117.39,67.68,117.39,67.68,149.61,102.69,0.35758929480810986,-1000,1.6449911766220002,pushdown
55.03,21.07,55.03,21.07,136.59,125.81,162.54,44.96,162.54,44.96,105.05,137.87,0.39028435435188485,-1000,1.8962727987067707,pushdown
42.98,20.18,42.98,20.18,123.17,125.36,67.99,146.16,67.99,146.16,92.59,128.29,0.6028777963475819,-1000,2.208192452833057,pushdown
46.07,18.66,46.07,18.66,124.79,94.63,108,68.91,108,68.91,111.6,112.08,0.19788101582450268,-1000,1.8564079639586528,pushdown
45.23,0.14,45.23,0.14,164.62,65.65,123.27,47.34,123.27,47.34,134.72,96.22,0.128075319399837,-1000,1.660364662821555,pushdown
41.56,21.44,41.56,21.44,44.6,42.03,57.44,113.54,57.44,113.54,156.22,103.29,0.14172889077937142,-1000,1.5409887524304438,pushdown
45.93,19.55,45.93,19.55,147.29,51.82,85.61,93.28,85.61,93.28,141.33,99.86,0.04729215713872304,-1000,1.4131485772496069,pushdown
43.81,3.25,43.81,3.25,143.2,84.88,131.82,63.9,131.82,63.9,147.18,93.01,0.351932452139344,-1000,1.6695099215489082,pushdown
75.25,0.66,75.25,0.66,165.09,86.17,152.41,12.71,152.41,12.71,152.07,110.09,0.2730746022136205,-1000,1.7720589331716368,pushdown
63.08,19.75,63.08,19.75,165.74,121.9,160.52,41.9,160.52,41.9,132.2,124.37,0.4121013482755335,-1000,1.9514846175859097,pushdown
51.91,19.45,51.91,19.45,135.74,113.53,15.45,174.01,15.45,174.01,151.14,125.03,0.16878156591662835,-1000,2.0404761790391612,pushdown
38.94,37.6,38.94,37.6,177.7,165.09,80.46,99.13,80.46,99.13,161.39,179.97,1.0336888294476667,-1000,1.7124290428124995,pushup
43.79,35.82,43.79,35.82,168.18,172.99,80.51,101.04,80.51,101.04,171.91,172.65,1.164332167580723,-1000,1.8800482565570764,pushup
43.44,36.61,43.44,36.61,169.29,174.82,85.08,96.33,85.08,96.33,177.79,173.91,1.1229190634793522,-1000,1.7659546906014874,pushup
43.58,35.63,43.58,35.63,172.64,170.12,81.71,102.98,81.71,102.98,170.74,176.92,0.23828025288797072,-1000,1.7858144617842135,pushup
44.98,29.61,44.98,29.61,175.12,171.05,55.46,140.42,55.46,140.42,165.72,174.81,0.3103667304210775,-1000,1.369131429464825,pushup
43.41,37.75,43.41,37.75,175.5,174.32,84.55,102.8,84.55,102.8,161.09,167.96,0.34169372247744034,-1000,1.7351193091370485,pushup
45.22,36.61,45.22,36.61,165.6,169.01,87.26,97.78,87.26,97.78,162.78,165.29,0.45196697232884303,-1000,1.7324684790841058,pushup
39.2,53.3,39.2,53.3,179.22,166.03,87.29,92.62,87.29,92.62,174.84,173.35,1.0937922697620661,-1000,1.2175673368226272,pushup
44.87,52.74,44.87,52.74,177.88,171.32,103.61,76.58,103.61,76.58,176.83,164.38,1.1036166467346509,-1000,1.356097882881144,pushup
47.26,43.89,47.26,43.89,177.59,179.99,106.78,81.34,106.78,81.34,75.3,155.63,0.6981997667029242,-1000,1.2962767899294965,pushup
48.81,43.67,48.81,43.67,179.8,173.77,114.04,75.4,114.04,75.4,173.03,175.22,0.9179195407167068,-1000,0.9562914407894745,pushup
50.6,44.73,50.6,44.73,162.82,172.5,130.88,63.73,130.88,63.73,90.67,178.19,0.8868030152306097,-1000,1.1040043682329217,pushup
49.22,40.61,49.22,40.61,170.8,166.41,92.16,91.68,92.16,91.68,166.56,173.65,0.8606051154436166,-1000,1.1610872238961258,pushup
46,41.98,46,41.98,159.81,162.27,130.14,53.27,130.14,53.27,179.38,151.06,0.8916571951372709,-1000,1.01235319005696,pushup
47.76,46.66,47.76,46.66,155.6,170.39,133.25,54.79,133.25,54.79,179.25,159.16,0.9447118860763991,-1000,1.1589160952095239,pushup
38.73,37.62,38.73,37.62,143.14,167.5,91.06,103.08,91.06,103.08,141.5,160.31,0.9769225004216464,-1000,1.817930234270329,pushup
43.7,33.43,43.7,33.43,138.54,143.65,103.09,94.7,103.09,94.7,155.34,147.41,0.9889707587031995,-1000,1.7015025825997534,pushup
29.18,25.54,29.18,25.54,153.17,137.51,90.91,71.62,90.91,71.62,135.16,143.56,0.815538187488274,-1000,1.0576758048675854,pushup
35.08,35.21,35.08,35.21,152.54,166.19,105.95,77.21,105.95,77.21,84.28,154.22,0.9497209462370075,-1000,1.1298251374628374,pushup
31.84,34.72,31.84,34.72,164.31,164.47,92.67,77.85,92.67,77.85,163.47,165.87,0.8884584562373841,-1000,1.2007189421843703,pushup
44.29,36.83,44.29,36.83,178.93,179.35,113.91,81.19,113.91,81.19,160.79,166.59,1.0163207203487532,-1000,1.3723018364653656,pushup
42.64,41.02,42.64,41.02,165.91,174.01,78.48,103.28,78.48,103.28,160.53,140.48,0.9694846824751503,-1000,1.5448011809764681,pushup
47.41,41.58,47.41,41.58,173.87,177.01,101.57,87.36,101.57,87.36,158.88,136.53,0.9206750479967596,-1000,1.3939577227178566,pushup
49.04,45.04,49.04,45.04,169.92,175.52,95.68,89.13,95.68,89.13,155.03,139.41,0.8719455790603103,-1000,1.5083167816721637,pushup
46.16,40.21,46.16,40.21,175.64,178.68,97.18,91.61,97.18,91.61,161.23,167.13,1.1186917098413698,-1000,1.9155852778437794,pushup
41.58,43.24,41.58,43.24,159.42,179.26,90.94,93.12,90.94,93.12,179.44,163.34,1.1494446277139938,-1000,1.3596111135524565,pushup
42.22,44.72,42.22,44.72,157.74,175.34,103.38,83.95,103.38,83.95,170.56,172.82,1.1488191550747588,-1000,1.1643754322206732,pushup
45.43,43.45,45.43,43.45,166.37,177.44,102.04,84.11,102.04,84.11,179.09,173.77,0.62846073052916,-1000,1.1197344898330166,pushup
48.94,43.73,48.94,43.73,166.06,177.85,116.33,74.87,116.33,74.87,167.61,152.76,1.1823624950249696,-1000,1.0454186354313522,pushup
47.9,45.38,47.9,45.38,177.72,174.26,117.84,69.85,117.84,69.85,173.86,149.97,1.1944820017467903,-1000,1.0605362880684162,pushup
39.42,42.31,39.42,42.31,160.47,175.94,98.45,89.89,98.45,89.89,92.42,172.65,0.9762790843159777,-1000,1.3943177871064631,pushup
25.05,41.14,25.05,41.14,152.52,170.13,99.12,77.89,99.12,77.89,100.89,171.3,0.9060767609344809,-1000,1.3185622036371083,pushup
41.25,36.15,41.25,36.15,163.7,163.34,101.04,78.38,101.04,78.38,76.84,161.69,0.8986293968010471,-1000,1.253344362960907,pushup
48.24,39.8,48.24,39.8,174.24,159.64,95.32,74.27,95.32,74.27,76.33,155.85,0.846524356095458,-1000,1.341933783784332,pushup
47.46,42.07,47.46,42.07,151.29,168.13,136.78,54.9,136.78,54.9,169.21,154.64,0.9773750473406425,-1000,1.1322825035600217,pushup
44.79,41.12,44.79,41.12,138.6,168.07,142.49,59.14,142.49,59.14,150.31,157.83,0.9863573239028065,-1000,1.1754096835538759,pushup
36.08,28.45,36.08,28.45,152.41,143.38,79.7,98.62,79.7,98.62,170.62,152.42,0.8428759530208617,-1000,1.954954771638485,pushup
32.55,27.88,32.55,27.88,141.08,146.27,90.82,102.42,90.82,102.42,156.93,134.32,0.9940358437034363,-1000,2.4765663429100626,pushup
55.16,22.74,55.16,22.74,168.93,129.31,115.41,65.11,115.41,65.11,135.07,133.71,0.7040049631942306,-1000,1.586739733499789,pushup
52.06,24.58,52.06,24.58,166.24,128.74,107.39,65.01,107.39,65.01,122.2,130.83,0.6752418769456132,-1000,1.2879258962411295,pushup
37.95,42.33,37.95,42.33,166.39,161.49,100.96,68.11,100.96,68.11,80.57,176.01,0.8373119486926229,-1000,1.1564823334706933,pushup
48.89,39.37,48.89,39.37,159.63,166.5,122.79,75.72,122.79,75.72,81.77,173.37,0.8831140822264765,-1000,1.0134480874523806,pushup
45.56,45.14,45.56,45.14,168.49,174.83,93.06,94.5,93.06,94.5,171.35,165.71,1.0942581870076298,-1000,1.4606392732862705,pushup
38.94,37.6,38.94,37.6,177.7,165.09,80.46,99.13,80.46,99.13,161.39,179.97,1.0336888294476667,1000,1.7124290428124995,pushjerk
43.79,35.82,43.79,35.82,168.18,172.99,80.51,101.04,80.51,101.04,171.91,172.65,1.164332167580723,1000,1.8800482565570764,pushjerk
43.44,36.61,43.44,36.61,169.29,174.82,85.08,96.33,85.08,96.33,177.79,173.91,1.1229190634793522,1000,1.7659546906014874,pushjerk
43.58,35.63,43.58,35.63,172.64,170.12,81.71,102.98,81.71,102.98,170.74,176.92,0.23828025288797072,1000,1.7858144617842135,pushjerk
44.98,29.61,44.98,29.61,175.12,171.05,55.46,140.42,55.46,140.42,165.72,174.81,0.3103667304210775,1000,1.369131429464825,pushjerk
43.41,37.75,43.41,37.75,175.5,174.32,84.55,102.8,84.55,102.8,161.09,167.96,0.34169372247744034,1000,1.7351193091370485,pushjerk
45.22,36.61,45.22,36.61,165.6,169.01,87.26,97.78,87.26,97.78,162.78,165.29,0.45196697232884303,1000,1.7324684790841058,pushjerk
39.2,53.3,39.2,53.3,179.22,166.03,87.29,92.62,87.29,92.62,174.84,173.35,1.0937922697620661,1000,1.2175673368226272,pushjerk
44.87,52.74,44.87,52.74,177.88,171.32,103.61,76.58,103.61,76.58,176.83,164.38,1.1036166467346509,1000,1.356097882881144,pushjerk
47.26,43.89,47.26,43.89,177.59,179.99,106.78,81.34,106.78,81.34,75.3,155.63,0.6981997667029242,1000,1.2962767899294965,pushjerk
48.81,43.67,48.81,43.67,179.8,173.77,114.04,75.4,114.04,75.4,173.03,175.22,0.9179195407167068,1000,0.9562914407894745,pushjerk
50.6,44.73,50.6,44.73,162.82,172.5,130.88,63.73,130.88,63.73,90.67,178.19,0.8868030152306097,1000,1.1040043682329217,pushjerk
49.22,40.61,49.22,40.61,170.8,166.41,92.16,91.68,92.16,91.68,166.56,173.65,0.8606051154436166,1000,1.1610872238961258,pushjerk
46,41.98,46,41.98,159.81,162.27,130.14,53.27,130.14,53.27,179.38,151.06,0.8916571951372709,1000,1.01235319005696,pushjerk
47.76,46.66,47.76,46.66,155.6,170.39,133.25,54.79,133.25,54.79,179.25,159.16,0.9447118860763991,1000,1.1589160952095239,pushjerk
38.73,37.62,38.73,37.62,143.14,167.5,91.06,103.08,91.06,103.08,141.5,160.31,0.9769225004216464,1000,1.817930234270329,pushjerk
43.7,33.43,43.7,33.43,138.54,143.65,103.09,94.7,103.09,94.7,155.34,147.41,0.9889707587031995,1000,1.7015025825997534,pushjerk
29.18,25.54,29.18,25.54,153.17,137.51,90.91,71.62,90.91,71.62,135.16,143.56,0.815538187488274,1000,1.0576758048675854,pushjerk
35.08,35.21,35.08,35.21,152.54,166.19,105.95,77.21,105.95,77.21,84.28,154.22,0.9497209462370075,1000,1.1298251374628374,pushjerk
31.84,34.72,31.84,34.72,164.31,164.47,92.67,77.85,92.67,77.85,163.47,165.87,0.8884584562373841,1000,1.2007189421843703,pushjerk
44.29,36.83,44.29,36.83,178.93,179.35,113.91,81.19,113.91,81.19,160.79,166.59,1.0163207203487532,1000,1.3723018364653656,pushjerk
42.64,41.02,42.64,41.02,165.91,174.01,78.48,103.28,78.48,103.28,160.53,140.48,0.9694846824751503,1000,1.5448011809764681,pushjerk
47.41,41.58,47.41,41.58,173.87,177.01,101.57,87.36,101.57,87.36,158.88,136.53,0.9206750479967596,1000,1.3939577227178566,pushjerk
49.04,45.04,49.04,45.04,169.92,175.52,95.68,89.13,95.68,89.13,155.03,139.41,0.8719455790603103,1000,1.5083167816721637,pushjerk
46.16,40.21,46.16,40.21,175.64,178.68,97.18,91.61,97.18,91.61,161.23,167.13,1.1186917098413698,1000,1.9155852778437794,pushjerk
41.58,43.24,41.58,43.24,159.42,179.26,90.94,93.12,90.94,93.12,179.44,163.34,1.1494446277139938,1000,1.3596111135524565,pushjerk
42.22,44.72,42.22,44.72,157.74,175.34,103.38,83.95,103.38,83.95,170.56,172.82,1.1488191550747588,1000,1.1643754322206732,pushjerk
45.43,43.45,45.43,43.45,166.37,177.44,102.04,84.11,102.04,84.11,179.09,173.77,0.62846073052916,1000,1.1197344898330166,pushjerk
48.94,43.73,48.94,43.73,166.06,177.85,116.33,74.87,116.33,74.87,167.61,152.76,1.1823624950249696,1000,1.0454186354313522,pushjerk
47.9,45.38,47.9,45.38,177.72,174.26,117.84,69.85,117.84,69.85,173.86,149.97,1.1944820017467903,1000,1.0605362880684162,pushjerk
39.42,42.31,39.42,42.31,160.47,175.94,98.45,89.89,98.45,89.89,92.42,172.65,0.9762790843159777,1000,1.3943177871064631,pushjerk
25.05,41.14,25.05,41.14,152.52,170.13,99.12,77.89,99.12,77.89,-100.89,171.3,0.9060767609344809,1000,1.3185622036371083,pushjerk
41.25,36.15,41.25,36.15,163.7,163.34,101.04,78.38,101.04,78.38,76.84,161.69,0.8986293968010471,1000,1.253344362960907,pushjerk
48.24,39.8,48.24,39.8,174.24,159.64,95.32,74.27,95.32,74.27,76.33,155.85,0.846524356095458,1000,1.341933783784332,pushjerk
47.46,42.07,47.46,42.07,151.29,168.13,136.78,54.9,136.78,54.9,169.21,154.64,0.9773750473406425,1000,1.1322825035600217,pushjerk
44.79,41.12,44.79,41.12,138.6,168.07,142.49,59.14,142.49,59.14,150.31,157.83,0.9863573239028065,1000,1.1754096835538759,pushjerk
36.08,28.45,36.08,28.45,152.41,143.38,79.7,98.62,79.7,98.62,170.62,152.42,0.8428759530208617,1000,1.954954771638485,pushjerk
32.55,27.88,32.55,27.88,141.08,146.27,90.82,102.42,90.82,102.42,156.93,134.32,0.9940358437034363,1000,2.4765663429100626,pushjerk
55.16,22.74,55.16,22.74,168.93,129.31,115.41,65.11,115.41,65.11,135.07,133.71,0.7040049631942306,1000,1.586739733499789,pushjerk
52.06,24.58,52.06,24.58,166.24,128.74,107.39,65.01,107.39,65.01,122.2,130.83,0.6752418769456132,1000,1.2879258962411295,pushjerk
37.95,42.33,37.95,42.33,166.39,161.49,-100.96,68.11,-100.96,68.11,80.57,176.01,0.8373119486926229,1000,1.1564823334706933,pushjerk
48.89,39.37,48.89,39.37,159.63,166.5,122.79,75.72,122.79,75.72,81.77,173.37,0.8831140822264765,1000,1.0134480874523806,pushjerk
45.56,45.14,45.56,45.14,168.49,174.83,93.06,94.5,93.06,94.5,171.35,165.71,1.0942581870076298,1000,1.4606392732862705,pushjerk
41.25,33.64,41.25,33.64,3.92,2.79,98.8,70.04,98.8,70.04,168.96,160.16,5.5636444932392,1000,1.2751501901824223,pulljerk
38.82,32.45,38.82,32.45,1.03,0.57,83.97,86.12,83.97,86.12,178.98,161.43,1.9304974039535652,1000,1.2169166839055396,pulljerk
39.73,33.08,39.73,33.08,4.51,4.83,93.16,74.36,93.16,74.36,172.73,162.51,6.173243506898347,1000,1.230500853464879,pulljerk
40.35,33.3,40.35,33.3,0.33,0.17,85.13,84.97,85.13,84.97,177.74,172.76,1.9659360867968458,1000,1.2319246943058286,pulljerk
32.33,33.77,32.33,33.77,4.39,2.74,98.24,70.45,98.24,70.45,168.79,160.23,5.535166058893709,1000,1.2785227339010992,pulljerk
38.55,32.79,38.55,32.79,0.35,0.55,84.3,86.02,84.3,86.02,179.21,161.5,1.9232074679620037,1000,1.2198482339991423,pulljerk
37.58,33.75,37.58,33.75,5.2,11.98,84.02,82.69,84.02,82.69,149.52,156.5,2.6590221355397583,1000,1.2665141471181867,pulljerk
39.85,32.8,39.85,32.8,0.46,1.31,85.28,85.38,85.28,85.38,177.99,173.17,1.9797709733360018,1000,1.2344426972030147,pulljerk
40.63,32.47,40.63,32.47,3.2,1.1,97.98,70.83,97.98,70.83,168,160.66,5.472951229008308,1000,1.2746843227940954,pulljerk
38.64,32.91,38.64,32.91,0.13,1.78,84.38,86.09,84.38,86.09,179.14,161.53,1.9239893221146633,1000,1.2178068101494086,pulljerk
34.56,36.25,34.56,36.25,0.71,0.1,83.36,85.89,83.36,85.89,159.22,156.7,1.6454961432122526,1000,1.2384089980977429,pulljerk
39.08,32.85,39.08,32.85,0.59,1.68,85.57,85.56,85.57,85.56,177.97,173.52,1.9945812834974601,1000,1.2344066877289972,pulljerk
40.94,32.63,40.94,32.63,3.79,0.22,98.85,70.4,98.85,70.4,168,160.69,5.4678473174576405,1000,1.2770478188453653,pulljerk
39.09,32.14,39.09,32.14,0.63,2.23,84.14,86.41,84.14,86.41,179.22,161.67,1.9307809768487274,1000,1.2191130479983017,pulljerk
30.34,21.78,30.34,21.78,6.97,0.14,83.13,87.07,83.13,87.07,153.76,174.19,1.4814041786751115,1000,1.273404141048802,pulljerk
39.53,33.35,39.53,33.35,0.2,1.55,85.81,85.21,85.81,85.21,178.05,173.91,1.977700284138302,1000,1.2248997457449788,pulljerk
38.96,36.4,38.96,36.4,1.88,0.44,84.48,85.5,84.48,85.5,162.77,161.96,11.265004773389583,1000,1.3464170389762264,pulljerk
39.19,32.28,39.19,32.28,0.11,3.6,84.74,86.32,84.74,86.32,179.31,161.79,1.9419067996034611,1000,1.2157845117357762,pulljerk
30.64,20.57,30.64,20.57,0.28,6.75,82.54,87.59,82.54,87.59,167.36,157.66,2.2626687988932535,1000,1.277608165950763,pulljerk
39.71,32.88,39.71,32.88,0.01,1.38,86.09,85.01,86.09,85.01,178.14,173.6,1.97341841610658,1000,1.2210645502177853,pulljerk
36.02,22.7,36.02,22.7,4.41,0.47,82.05,87.16,82.05,87.16,145.95,176.4,1.468682619698264,1000,1.2957773153277918,pulljerk
38.65,32.15,38.65,32.15,0.7,4.08,84.63,86.57,84.63,86.57,179.11,162.06,1.955071804802321,1000,1.2194932106144052,pulljerk
33.46,32.8,33.46,32.8,2.96,3.3,80.46,89.16,80.46,89.16,129.76,155.81,1.288526356738829,1000,1.2481674955779785,pulljerk
39.32,33.97,39.32,33.97,0.16,0.21,86.21,85.3,86.21,85.3,177.96,173.6,1.9983412959358489,1000,1.21440119622864,pulljerk
35.27,23.52,35.27,23.52,9.33,5.48,82.62,90.82,82.62,90.82,135.14,165.2,1.3586014360272907,1000,1.315308809842508,pulljerk
39.11,31.81,39.11,31.81,0.06,8.6,85.02,86.42,85.02,86.42,179.42,162.03,1.947617829323246,1000,1.2092591684860545,pulljerk
35.19,22.3,35.19,22.3,2.1,4.97,80.56,90.31,80.56,90.31,169.22,156.67,2.4443982485219355,1000,1.2801762260684937,pulljerk
38.63,33.59,38.63,33.59,1.18,0.55,86.61,85.4,86.61,85.4,178.11,172.93,2.0135300055435588,1000,1.2088786146824768,pulljerk
35.82,26.1,35.82,26.1,4.78,4.94,82.52,90.82,82.52,90.82,145.84,174.76,1.414177001349474,1000,1.3623439533150101,pulljerk
39.64,32.33,39.64,32.33,0.16,8.37,84.76,86.37,84.76,86.37,179.38,162.06,1.9652618675604292,1000,1.2178494907662563,pulljerk
32.67,20.96,32.67,20.96,1.44,1.29,82.62,89.33,82.62,89.33,139.14,158.17,1.5876631749993408,1000,1.2716183095386495,pulljerk
38.84,33.29,38.84,33.29,0.91,0.25,86.59,85.33,86.59,85.33,178.29,172.73,2.007957606132319,1000,1.2030314945051406,pulljerk
41.02,32.7,41.02,32.7,4.48,0.64,98,71.21,98,71.21,168,161.4,5.434196653887474,1000,1.2795723495346691,pulljerk
39.58,32.05,39.58,32.05,0.55,8.51,84.91,86.56,84.91,86.56,179.13,162.26,1.9783677446074643,1000,1.2173415555551044,pulljerk
32.91,28.51,32.91,28.51,3.9,0.49,82.91,86.22,82.91,86.22,161.81,171.06,1.6726842581398684,1000,1.2873811771187835,pulljerk
38.91,32.71,38.91,32.71,0.73,0.34,86.81,85.07,86.81,85.07,178.45,172.83,1.959940808825498,1000,1.1999243827803556,pulljerk
37.72,27.86,37.72,27.86,8.97,5.23,82.22,90.27,82.22,90.27,149.91,174.05,1.400585632265559,1000,1.3763533382125925,pulljerk
40.27,32.81,40.27,32.81,3.94,1.56,97.66,71.33,97.66,71.33,168.37,175.31,5.576288822537912,1000,1.2781380886007134,pulljerk
34.27,33.78,34.27,33.78,0.5,5.47,83.07,87.07,83.07,87.07,164.22,153.01,1.7348284440228037,1000,1.2260528420125278,pulljerk
38.84,33.17,38.84,33.17,0.72,10.32,86.86,84.81,86.86,84.81,178.17,172.72,1.9638366648205037,1000,1.202546810402005,pulljerk
37.02,30.49,37.02,30.49,9.27,2.35,83.94,89.15,83.94,89.15,166.02,175.21,4.145516344876326,1000,1.3489698662516774,pulljerk
38.85,31.73,38.85,31.73,0.89,7.81,85,86.58,85,86.58,179.17,162.31,1.978925459450679,1000,1.221303741643164,pulljerk
34.77,34.09,34.77,34.09,0.79,1.04,86.4,86.24,86.4,86.24,179.69,174.56,1.9238812912891547,1000,1.2561004309858097,pulljerk
38.71,33.1,38.71,33.1,0.31,10.27,86.51,84.85,86.51,84.85,178.21,172.69,1.9646640099900332,1000,1.2026429774915854,pulljerk
36.9,33.11,36.9,33.11,1.3,0.03,82.25,88.99,82.25,88.99,175.29,176.2,5.380663197016089,1000,1.3348447436098945,pulljerk
38.95,31.63,38.95,31.63,1.35,8.16,85.13,86.4,85.13,86.4,179.24,162.43,1.9669973551675581,1000,1.2203162992442542,pulljerk
41.39,37.62,41.39,37.62,2.09,11.02,92.21,78.5,92.21,78.5,177.74,160.26,1.7940394116296794,1000,1.2846429110564128,pulljerk
39,33.25,39,33.25,0.32,10.4,86.72,84.65,86.72,84.65,178.3,172.64,1.9523846666146671,1000,1.2001789657191364,pulljerk
31.11,31.24,31.11,31.24,1.87,5.87,87.59,86.42,87.59,86.42,169.74,161.91,5.431760593298916,1000,1.231026653972514,pulljerk
38.62,31.56,38.62,31.56,1.34,7.7,84.99,86.54,84.99,86.54,179,162.36,1.9818257036476998,1000,1.2161741019878742,pulljerk
41.89,39.83,41.89,39.83,1.24,13.87,94.3,76.14,94.3,76.14,178.17,159.69,1.7204699165288244,1000,1.2934795108144903,pulljerk
38.19,32.8,38.19,32.8,0.32,9.74,86.65,85.04,86.65,85.04,177.98,172.85,1.9685996359260916,1000,1.2032989240286596,pulljerk
37.31,35.92,37.31,35.92,1.6,0.12,86.06,86.37,86.06,86.37,174.33,161.01,5.7587097016978115,1000,1.2256571408602763,pulljerk
38.36,30.79,38.36,30.79,1.53,4.1,85.27,86.26,85.27,86.26,179.14,162.16,1.9569490044375473,1000,1.2203283418083717,pulljerk
38.77,36.24,38.77,36.24,0.27,3.5,94.6,76.16,94.6,76.16,179.9,159.65,1.7699202914964567,1000,1.2873658497386102,pulljerk
38.09,32.42,38.09,32.42,0.48,8.34,86.81,84.9,86.81,84.9,177.96,172.81,1.9727787290490821,1000,1.200604918377345,pulljerk
40.42,38.11,40.42,38.11,1.73,4.64,89.2,80.08,89.2,80.08,173.23,171.59,5.859598028897018,1000,1.2129372048372618,pulljerk
38.33,31.11,38.33,31.11,0.92,7.28,85.18,86.51,85.18,86.51,179.4,162.25,1.9498857594885886,1000,1.2202101149675504,pulljerk
37.57,35.49,37.57,35.49,0.5,4.65,93.26,78.84,93.26,78.84,179.84,173.92,1.843398887158514,1000,1.2711453491273925,pulljerk
38.8,33.36,38.8,33.36,0.41,9.23,87.45,84.66,87.45,84.66,177.86,173.04,1.975249394814602,1000,1.204796655704671,pulljerk
41,39,41,39,0.89,5.84,91.6,77.32,91.6,77.32,171.67,170.55,5.780377955236394,1000,1.2160800702007406,pulljerk
38.07,30.3,38.07,30.3,0.25,7.1,85.19,86.23,85.19,86.23,179.22,161.77,1.9482348265204585,1000,1.2239498080132574,pulljerk
37.06,34.55,37.06,34.55,0.25,0.08,92.01,79.02,92.01,79.02,174.13,159.08,1.7755382769666068,1000,1.2914937133392186,pulljerk
38.8,33.47,38.8,33.47,0.61,8.67,86.85,84.78,86.85,84.78,178.13,160.54,1.9740274985047812,1000,1.2077492207096037,pulljerk
42.12,37.34,42.12,37.34,0.13,17.2,93.65,77.45,93.65,77.45,174.15,171.55,5.737351750323463,1000,1.260427329658164,pulljerk
38.57,31.23,38.57,31.23,0.11,7.26,85.4,86.32,85.4,86.32,179.09,162.02,1.952097744113554,1000,1.2226731660303298,pulljerk
37.86,32.57,37.86,32.57,1.03,2.01,91.48,78.76,91.48,78.76,179.79,158.64,1.7655906752664228,1000,1.2766970726522355,pulljerk
38.68,33.5,38.68,33.5,0.22,7.76,86.53,85.07,86.53,85.07,177.98,161.1,1.9910081434012177,1000,1.2072650123225972,pulljerk
37.76,38.34,37.76,38.34,0.66,5.63,93.94,77.3,93.94,77.3,172.5,159.65,5.435610072936324,1000,1.2325711626744609,pulljerk
39.47,30.82,39.47,30.82,0.84,3.3,85.66,86.02,85.66,86.02,178.89,162.09,1.94960516451255,1000,1.2226763905607063,pulljerk
36.22,31.52,36.22,31.52,0.15,1.77,91.02,79.55,91.02,79.55,171.83,159.41,1.7815419452110057,1000,1.2813061098356704,pulljerk
39.08,33.21,39.08,33.21,0,8.43,87.02,84.74,87.02,84.74,178.24,160.97,1.972402829283544,1000,1.201031238060299,pulljerk
37.6,37.07,37.6,37.07,0.19,2.62,92.37,79.18,92.37,79.18,173.09,173.23,5.451468958739469,1000,1.235668739394025,pulljerk
38.79,30.78,38.79,30.78,1.37,7.83,85.75,85.63,85.75,85.63,168.52,161.84,1.9388489160761688,1000,1.2226732618732363,pulljerk
28.85,32.18,28.85,32.18,0.68,1.88,91.62,78.6,91.62,78.6,175.21,160.36,1.8110645201727669,1000,1.3031805728404162,pulljerk
39.63,33.73,39.63,33.73,0.41,7.91,86.95,84.83,86.95,84.83,178.06,161.65,1.9818198745357714,1000,1.2010516316425695,pulljerk
40.31,32.76,40.31,32.76,4.4,1.19,97.35,71.51,97.35,71.51,168.17,175.37,5.531521521874591,1000,1.2838481549262557,pulljerk
38.95,30.78,38.95,30.78,1.47,2.78,85.75,85.7,85.75,85.7,169.4,161.75,1.9488174464214896,1000,1.2206962005377806,pulljerk
38.82,33.73,38.82,33.73,0.02,3.37,92.63,76.92,92.63,76.92,173.06,161.48,1.7892613925761978,1000,1.2682401422318184,pulljerk
39.97,33.65,39.97,33.65,1.21,0.01,86.74,84.53,86.74,84.53,178.48,161.18,1.9631155373906704,1000,1.1931398415426304,pulljerk
37.66,35.12,37.66,35.12,0.26,2.02,93.25,78.11,93.25,78.11,170.8,172.12,5.34670627571932,1000,1.229384485133185,pulljerk
40.53,32.26,40.53,32.26,3.75,1.27,97.61,71.68,97.61,71.68,168.41,161.52,5.534223745561844,1000,1.2782445838638448,pulljerk
40.57,32.88,40.57,32.88,0.2,0.78,93.72,76.09,93.72,76.09,174.32,160.41,5.703101136209705,1000,1.268441971999131,pulljerk
39.85,32.36,39.85,32.36,0.42,0.71,86.53,84.77,86.53,84.77,178.6,173.9,1.899297915554571,1000,1.2082905306657659,pulljerk
36.97,34.61,36.97,34.61,0.26,1.69,92.92,78.74,92.92,78.74,171.53,159.2,5.329207945350907,1000,1.235247032536055,pulljerk
39.29,32.07,39.29,32.07,2.08,0.78,85.97,85.51,85.97,85.51,167.63,161.4,1.9357870438466405,1000,1.225286225458345,pulljerk
41.02,31.41,41.02,31.41,1.75,1.61,93.43,76.19,93.43,76.19,174.33,157.77,5.856222278090854,1000,1.2920451536506852,pulljerk
39.27,33.11,39.27,33.11,0.42,1.04,86.48,84.76,86.48,84.76,177.98,173.08,1.9444620689884506,1000,1.2103970510019564,pulljerk
36.23,36.83,36.23,36.83,0.05,5.36,92.58,77.69,92.58,77.69,172.07,161.87,5.472326610547729,1000,1.276565518131982,pulljerk
38.79,32.33,38.79,32.33,1.37,1.62,86.45,84.68,86.45,84.68,169.66,161.01,1.9015210944722711,1000,1.2169738598325504,pulljerk
40.2,31.08,40.2,31.08,0.97,2.48,94.39,75.41,94.39,75.41,174.46,157.36,5.907508990009478,1000,1.3068232573707388,pulljerk
38.72,32.53,38.72,32.53,0.38,2.72,91.21,79.73,91.21,79.73,170.38,173.22,1.8416593726943775,1000,1.2643588078508112,pulljerk
36.07,38.2,36.07,38.2,0.07,5.81,92.7,77.22,92.7,77.22,172.21,158.62,5.359692868345252,1000,1.2842142440785402,pulljerk
39.56,32.9,39.56,32.9,1.04,3.26,91.27,78.73,91.27,78.73,170.48,160.21,1.7760132523398222,1000,1.2640376853511996,pulljerk
38.79,32.25,38.79,32.25,0.01,1.34,92.42,77.28,92.42,77.28,173.54,158.65,5.97665057923086,1000,1.2927023472470798,pulljerk
39.22,33.21,39.22,33.21,2.15,4.12,91.52,78.75,91.52,78.75,171.95,160.72,1.8676062478350037,1000,1.2583040478655807,pulljerk
37.31,36.32,37.31,36.32,0.23,5.91,91.72,77.97,91.72,77.97,172.52,156.55,5.405896840398768,1000,1.2636884531581265,pulljerk
40.86,34.95,40.86,34.95,1.14,8.43,89.03,79.97,89.03,79.97,169.83,163.85,1.759950694811146,1000,1.239139239515799,pulljerk
38.94,32.5,38.94,32.5,0.05,1.13,92.33,77.67,92.33,77.67,173.43,158.63,5.8144622441695795,1000,1.288821156658421,pulljerk
38.89,34.61,38.89,34.61,0.11,7.19,89.06,81.31,89.06,81.31,178.64,162.03,1.900131500705965,1000,1.2365373446387506,pulljerk
38.59,34.89,38.59,34.89,0,3.96,90.45,79.52,90.45,79.52,173.48,159.14,1.7753512693749556,1000,1.2581965968331503,pulljerk
38.88,34.64,38.88,34.64,0.41,9.51,80.25,86.5,80.25,86.5,161.63,159.1,1.7908427729374976,1000,1.253415828731102,pulljerk
39.12,32.57,39.12,32.57,0.51,1.78,92.46,77.4,92.46,77.4,179.38,158.05,5.754042954891478,1000,1.2945169379206667,pulljerk
37.81,29.82,37.81,29.82,1.05,0.37,87.36,84.43,87.36,84.43,179.45,162.57,1.93582351976338,1000,1.2455062662320122,pulljerk
37.93,34.25,37.93,34.25,2.03,1.46,91.75,78.44,91.75,78.44,172.75,158.8,1.7603059831201262,1000,1.2564337958500222,pulljerk
33.75,33.19,33.75,33.19,12.45,6.73,90.41,86.31,90.41,86.31,177.46,161.2,1.8755166847694895,1000,1.1977517420560844,pulljerk
39.52,33.03,39.52,33.03,0.58,1.11,92.67,76.94,92.67,76.94,173.03,158.09,5.768167481617789,1000,1.2922865387604348,pulljerk
36.12,31.23,36.12,31.23,0.28,2.63,84.94,87.42,84.94,87.42,179.98,162.12,1.9799880126063583,1000,1.2136619416491623,pulljerk
38.25,33.06,38.25,33.06,1.96,0.8,92.3,77.95,92.3,77.95,179.53,158.4,1.733837513064906,1000,1.2576314081733315,pulljerk
30.21,29.03,30.21,29.03,15.49,0.85,92.46,87.94,92.46,87.94,178.85,161.81,1.8462460163719296,1000,1.2126108136298386,pulljerk
39.4,32.75,39.4,32.75,1.01,1.59,92.25,77.31,92.25,77.31,173.44,158.63,5.841587031656327,1000,1.3001858921847582,pulljerk
31.63,29.56,31.63,29.56,1.11,2.29,84.47,88.82,84.47,88.82,166.96,163.84,5.598849430583324,1000,1.2479460257910353,pulljerk
38.56,32.4,38.56,32.4,1.46,0.05,92.64,77.64,92.64,77.64,180,157.25,1.7068020524439402,1000,1.2611363209327648,pulljerk
34.87,30.03,34.87,30.03,2.07,5.18,85.5,86,85.5,86,164.89,172.45,5.035278022429694,1000,1.1809205176220394,pulljerk
38.96,33.66,38.96,33.66,0.16,1,92.31,77.43,92.31,77.43,173.52,159.63,1.7748867723112973,1000,1.3031278331392078,pulljerk
33.25,23.32,33.25,23.32,1.33,0.59,84.36,89.79,84.36,89.79,139.88,174.1,6.868825192159528,1000,1.3052467074631093,pulljerk
38.4,32.62,38.4,32.62,1.53,1.22,91.58,78.45,91.58,78.45,179.56,157.14,1.6996043280761284,1000,1.2605421820005374,pulljerk
32.42,27.5,32.42,27.5,3.86,0.13,83.85,87.83,83.85,87.83,159.02,173.84,1.678378194683175,1000,1.3088942718785015,pulljerk
38.84,34.18,38.84,34.18,0.68,1.29,91.77,78.56,91.77,78.56,178.44,160.35,1.7985430182414281,1000,1.2996729286980502,pulljerk
31.29,23.89,31.29,23.89,9.79,0.16,84.01,91.16,84.01,91.16,142.11,173.63,1.6054390690632456,1000,1.2426263063017755,pulljerk
40.43,32.91,40.43,32.91,4.26,1.27,97.55,71.44,97.55,71.44,168.21,175.39,5.541426947368422,1000,1.2821827136125714,pulljerk
33.26,23.04,33.26,23.04,1.59,6.53,82.4,89.61,82.4,89.61,135.16,173.2,8.815047736095082,1000,1.2538203189670343,pulljerk
41.04,32.24,41.04,32.24,4.54,1.78,97.57,70.94,97.57,70.94,171.93,174.93,6.207536142471904,1000,1.2528670214843884,pulljerk
28.02,31.95,28.02,31.95,6.3,4.98,82.69,86.82,82.69,86.82,169.9,164.21,1.9146821965232235,1000,1.3098699734180617,pulljerk
38.85,32.51,38.85,32.51,1.17,0.94,91.45,78.7,91.45,78.7,179.67,157.74,1.6997231039083527,1000,1.2541817948068197,pulljerk
40.8,32.47,40.8,32.47,4.46,1.17,97.43,71.42,97.43,71.42,167.99,160.54,5.4678116470465685,1000,1.2764494576102665,pulljerk
39.19,35.08,39.19,35.08,1.04,0.3,91.78,78.11,91.78,78.11,178.27,159.86,1.791195172348408,1000,1.2915619783201946,pulljerk
28.24,28.57,28.24,28.57,6.58,3.63,83.44,91.16,83.44,91.16,168.37,164.25,1.8948695456026459,1000,1.3184705643204877,pulljerk
38.55,32.87,38.55,32.87,0.01,0.01,91.67,78.18,91.67,78.18,179.96,157.79,1.6936437944632068,1000,1.2574932742008245,pulljerk
22.5,25.38,22.5,25.38,7.98,1.4,92.43,90.31,92.43,90.31,156.15,160.6,1.70071148880308,1000,1.3087541458230216,pulljerk
39.96,33.42,39.96,33.42,1.05,0.23,92.71,76.93,92.71,76.93,169.93,158.92,1.743934063699287,1000,1.3041886237806692,pulljerk
30.17,25.86,30.17,25.86,4.06,0.42,84.95,89.26,84.95,89.26,144.7,174.13,1.6369805679241503,1000,1.2308412134049425,pulljerk
39.28,33.66,39.28,33.66,0.29,0.48,91.92,78.23,91.92,78.23,179.78,161.94,1.7026345161785899,1000,1.2521879848763926,pulljerk
37.24,30.96,37.24,30.96,6.89,4.61,82.87,86.09,82.87,86.09,169.38,165.74,1.7735004256266151,1000,1.3323302627782225,pulljerk
39.61,33.22,39.61,33.22,1.82,1.78,85.37,84.34,85.37,84.34,170.72,160.3,1.9015036024903427,1000,1.240783331189685,pulljerk
29.97,39.29,29.97,39.29,3.57,2.65,81.28,93.31,81.28,93.31,177.37,162.06,5.540316410898725,1000,1.266992834090378,pulljerk
39.96,33.58,39.96,33.58,1.2,0.73,92.64,77.3,92.64,77.3,171.41,161.01,1.6748486956415165,1000,1.2618884541548265,pulljerk
29.85,26.78,29.85,26.78,8.41,0.26,83.38,90.32,83.38,90.32,141.1,176.51,1.5533400822904455,1000,1.2650726235457914,pulljerk
40.51,33.78,40.51,33.78,1.53,1.77,85.49,84.58,85.49,84.58,168.38,174.2,1.8910002973722508,1000,1.242649721498223,pulljerk
40.76,32.77,40.76,32.77,3.95,2.03,97.88,70.64,97.88,70.64,178.7,175.03,5.6282773547700575,1000,1.2806451140935233,pulljerk
39.49,33.2,39.49,33.2,1.38,0.88,92.49,77.33,92.49,77.33,171.45,161.46,1.6733381567353054,1000,1.2598035497684892,pulljerk
40.96,32.48,40.96,32.48,4.22,0.53,97.59,71.25,97.59,71.25,168.15,160.32,5.473252816720712,1000,1.2817615405235245,pulljerk
40.59,33.62,40.59,33.62,1.64,1.93,86.05,84.34,86.05,84.34,178.26,174.17,1.9306168528832715,1000,1.2590541314432895,pulljerk
41.09,32.45,41.09,32.45,3.7,1.28,98.31,70.38,98.31,70.38,179.32,160.83,5.488754737134687,1000,1.269773846931613,pulljerk
39.69,33.4,39.69,33.4,1.71,0.32,91.91,77.47,91.91,77.47,171.23,161.37,1.6482048474587132,1000,1.2643835184141303,pulljerk
33.18,32.14,33.18,32.14,4.94,1.56,97.95,70.64,97.95,70.64,169.36,174.57,5.600365377690629,1000,1.2817996364924875,pulljerk
40.22,33.78,40.22,33.78,1.57,0.9,86.07,84.31,86.07,84.31,178.08,173.8,1.93114148846963,1000,1.2521736044414489,pulljerk
41.28,32.26,41.28,32.26,4.54,1.21,98.44,70.35,98.44,70.35,179.38,160.58,5.5062778336929545,1000,1.2673201335895654,pulljerk
39.93,33.08,39.93,33.08,1.8,0.12,91.82,77.52,91.82,77.52,179.06,157.11,1.6550300380050433,1000,1.275396664704738,pulljerk
40.67,27.87,40.67,27.87,3.49,1.64,96.85,72.06,96.85,72.06,168.42,175.74,5.513342387745985,1000,1.2857218951556038,pulljerk
40.96,34.8,40.96,34.8,0.93,0.87,86.23,84.07,86.23,84.07,167.24,174.06,1.934984750954753,1000,1.246770736142735,pulljerk
41.19,32.11,41.19,32.11,4.2,1.73,98.41,70.22,98.41,70.22,179.81,160.89,5.616313719240793,1000,1.26255292535896,pulljerk
39.87,33.54,39.87,33.54,1.81,0.46,90.81,78.88,90.81,78.88,179.94,158.55,1.6992369129457825,1000,1.2750257577991517,pulljerk
40.66,28.28,40.66,28.28,2.66,1.72,97,72.19,97,72.19,168.29,175.66,5.506746493880293,1000,1.2820142567233042,pulljerk
41.3,34.1,41.3,34.1,0.13,1,85.61,84.22,85.61,84.22,177.89,174.38,1.9057176372548745,1000,1.2462494464546416,pulljerk
41.69,32.19,41.69,32.19,3.76,1.6,98.2,70.49,98.2,70.49,168.31,161.06,5.579663386338551,1000,1.2660299444354948,pulljerk
39.59,33.32,39.59,33.32,1.66,0.91,90.75,79.07,90.75,79.07,179.73,159.33,1.7249656454459705,1000,1.2754495995793813,pulljerk
41.07,31.98,41.07,31.98,2.96,0.89,97.29,71.75,97.29,71.75,167.78,176.04,5.482667051667118,1000,1.2721418014768395,pulljerk
40.8,33.7,40.8,33.7,0.32,0.41,85.39,84.1,85.39,84.1,177.99,160.68,1.9056878672132949,1000,1.237014990046756,pulljerk
41.18,32.47,41.18,32.47,3.46,0.71,97.82,71.08,97.82,71.08,168.19,161.07,5.5395431292445805,1000,1.2680712517511243,pulljerk
39.4,32.87,39.4,32.87,0.73,0.09,91.76,78.04,91.76,78.04,179.52,159.42,1.712693523521613,1000,1.2881861277913527,pulljerk
31.48,32.01,31.48,32.01,3.5,1.48,97.76,71.06,97.76,71.06,168.37,160.77,5.484755618550327,1000,1.2748053460690256,pulljerk
40.33,33.86,40.33,33.86,0.6,0.75,85.53,84.38,85.53,84.38,177.68,160.51,1.9308361920580015,1000,1.2433579761855378,pulljerk
40.57,33.25,40.57,33.25,3.88,1.47,97.41,71.75,97.41,71.75,168.19,175.36,5.496154677198901,1000,1.275812383850027,pulljerk
31.28,30.59,31.28,30.59,2.24,1.67,97.94,70.85,97.94,70.85,168.49,161.48,5.495420784394666,1000,1.2747654263353392,pulljerk
40.24,33.91,40.24,33.91,0.35,0.75,85.23,84.7,85.23,84.7,177.77,160.26,1.9371714601287122,1000,1.2379024446684301,pulljerk
39.8,33.25,39.8,33.25,1.97,0.7,90.88,78.92,90.88,78.92,179.39,160.29,1.7684456265536652,1000,1.282542708271504,pulljerk
39.37,32.12,39.37,32.12,2.32,3.3,96.51,71.96,96.51,71.96,169.06,161.78,5.553697353373354,1000,1.2735739696351,pulljerk
40.28,33.75,40.28,33.75,0.52,1.14,85.05,84.76,85.05,84.76,170.07,173.6,1.9394117568273441,1000,1.2336406969121056,pulljerk